filename,width,height,class,xmin,ymin,xmax,ymax
miguel-26_jpg.rf.951bb5f93db6c19fd85620d817e94e45.jpg,640,640,miguel,1,94,603,579
miguel-19_jpg.rf.92ea23d35dab43ad48fbb7e364ac5861.jpg,640,640,miguel,6,54,628,586
raccoon-131_jpg.rf.9419e2c3a47939730dc1a5f9dd5eee18.jpg,640,640,raccoon,148,33,638,637
miguel-11_jpg.rf.92ae8c70ece7ef5458acf5a0db732f37.jpg,640,640,miguel,92,154,579,522
raccoon-54_jpg.rf.93a67f6f133c4a2c7fcb10f14aedf4fe.jpg,640,640,raccoon,83,12,550,631
miguel-8_jpg.rf.97cdde1e0c72d21960c9adbe9ccaa93d.jpg,640,640,miguel,64,81,599,571
raccoon-167_jpg.rf.952290e90644035afcbc10ec0922e75c.jpg,640,640,raccoon,3,16,433,640
raccoon-36_jpg.rf.96a6d13ecb2848f8b8aa5db07924bf8d.jpg,640,640,raccoon,172,0,527,600
raccoon-65_jpg.rf.944d6808a14574550c919bee27671b86.jpg,640,640,raccoon,164,135,451,592
raccoon-87_jpg.rf.9958e23b83d0bf7f8f18e58c33785dd0.jpg,640,640,raccoon,3,10,515,621
miguel-4_jpg.rf.99aa77ed8ec2c43b1acc1b904ec0fe1c.jpg,640,640,miguel,52,110,613,530
raccoon-121_jpg.rf.997485817510263924a301a598091311.jpg,640,640,raccoon,59,55,444,605
raccoon-161_jpg.rf.9c6c0426ae45531e8f5c4302e7c1f327.jpg,640,640,raccoon,147,135,373,343
raccoon-190_jpg.rf.97575a3ff2d0abb0137ce8c3d56c2d4f.jpg,640,640,raccoon,262,195,447,462
raccoon-13_jpg.rf.9ce45c80587fb62368a08b2991d30d7e.jpg,640,640,raccoon,259,235,587,604
raccoon-85_jpg.rf.981fc1ee91b275e2c6ffceaeb3477172.jpg,640,640,raccoon,244,120,617,590
raccoon-130_jpg.rf.99a7b0cb711d8a1a3e9e4332128c389a.jpg,640,640,raccoon,143,93,417,461
raccoon-130_jpg.rf.99a7b0cb711d8a1a3e9e4332128c389a.jpg,640,640,raccoon,0,62,187,636
raccoon-53_jpg.rf.9e96027a2917547ff21f12aeea7dbdd3.jpg,640,640,raccoon,153,76,465,491
raccoon-58_jpg.rf.9da040d3a33e2a0b2349dda1f08616ae.jpg,640,640,raccoon,72,12,635,638
raccoon-179_jpg.rf.99d049f826f5dbadce4da2951543f60b.jpg,640,640,raccoon,352,251,639,608
raccoon-167_jpg.rf.98b296c6bd04f4badfbe2949ffec6b73.jpg,640,640,raccoon,208,16,638,640
raccoon-112_jpg.rf.9f882fbf754ede0c2152eed8a79548f4.jpg,640,640,raccoon,105,12,620,446
miguel-0_jpg.rf.9d672aa5038029f928612ac39aea4725.jpg,640,640,miguel,18,89,610,458
raccoon-31_jpg.rf.a0515a26162f50a4de63eabfefb6d8ca.jpg,640,640,raccoon,222,63,507,589
raccoon-31_jpg.rf.a0515a26162f50a4de63eabfefb6d8ca.jpg,640,640,raccoon,30,165,217,434
raccoon-81_jpg.rf.9f9bcdbfabdd5dc0b6938e34541a83f1.jpg,640,640,raccoon,28,77,636,583
raccoon-22_jpg.rf.9e86d255af4f1268f91f3c9c42e850d7.jpg,640,640,raccoon,174,44,388,505
miguel-21_jpg.rf.a8899fbf9fbfcbb910fe37edc557389d.jpg,640,640,miguel,73,54,636,590
raccoon-82_jpg.rf.ab50cf0479e5cc5ee014f0e4373fa650.jpg,640,640,raccoon,5,1,539,640
miguel-33_jpg.rf.a6e703c373690c6897b71eb1560c3795.jpg,640,640,miguel,49,128,612,562
raccoon-75_jpg.rf.a2147ec9f12406d4437b992ac898656e.jpg,640,640,raccoon,1,1,640,459
raccoon-108_jpg.rf.a307b72be5165a32eba15d7da195084d.jpg,640,640,raccoon,105,71,426,618
raccoon-104_jpg.rf.a27a74b5da3ef59f8db7b1f03d5dbabe.jpg,640,640,raccoon,278,87,439,525
raccoon-7_jpg.rf.aa77b171b7322133c1add78c4b25b118.jpg,640,640,raccoon,144,164,423,549
raccoon-75_jpg.rf.a6d163cb4ba254fa3faa8354a44a00df.jpg,640,640,raccoon,0,181,639,639
raccoon-130_jpg.rf.ac91d0c1320e0cb00e669ba152d6f3ff.jpg,640,640,raccoon,143,179,417,547
raccoon-130_jpg.rf.ac91d0c1320e0cb00e669ba152d6f3ff.jpg,640,640,raccoon,0,5,187,579
miguel-22_jpg.rf.acf312e902d030b1f7a1bd0fcb4b8735.jpg,640,640,miguel,23,138,620,594
raccoon-111_jpg.rf.acf613cd4bb0b68abcaa3d82976f3f49.jpg,640,640,raccoon,34,29,569,637
raccoon-60_jpg.rf.a8f5c3326be65328ab2dd6fbc9350f92.jpg,640,640,raccoon,136,115,462,440
raccoon-136_jpg.rf.a9e62b7913030f899377c0f82b75b2c7.jpg,640,640,raccoon,145,78,513,624
miguel-2_jpg.rf.ab6b20b877f05b2ceaf7395e9303bcbc.jpg,640,640,miguel,56,113,631,503
raccoon-198_jpg.rf.ad3ba54334bbdb6ea956caacccbccdc9.jpg,640,640,raccoon,141,69,390,607
raccoon-198_jpg.rf.ad3ba54334bbdb6ea956caacccbccdc9.jpg,640,640,raccoon,277,106,492,521
raccoon-54_jpg.rf.aca697983286789d06ed8abf9d932b48.jpg,640,640,raccoon,90,10,557,629
raccoon-23_jpg.rf.aef6af3d6e1f7dc08fb92918ffd4ddb2.jpg,640,640,raccoon,267,3,637,640
raccoon-97_jpg.rf.ac5c32095c59f0ac805499418bc8a107.jpg,640,640,raccoon,1,140,439,588
miguel-15_jpg.rf.a708d804d3bdf285780c27fa12fc437b.jpg,640,640,miguel,43,34,588,497
raccoon-195_jpg.rf.ae2a7f56f4de4bbd76854339cf1f6c97.jpg,640,640,raccoon,80,315,569,640
raccoon-76_jpg.rf.afb7e82261a170c00fe384b3350a9b93.jpg,640,640,raccoon,40,265,603,637
raccoon-117_jpg.rf.af00016f5b79f5e0a27b6989cbbc9fef.jpg,640,640,raccoon,100,177,266,463
raccoon-117_jpg.rf.af00016f5b79f5e0a27b6989cbbc9fef.jpg,640,640,raccoon,342,145,570,425
raccoon-173_jpg.rf.a5f996724261c4912928fc0f521d382e.jpg,640,640,raccoon,235,2,599,605
raccoon-166_jpg.rf.aef867a30c7fa26bb5b2e1f0fe1751a5.jpg,640,640,raccoon,211,141,406,511
raccoon-102_jpg.rf.b0b2645734946980bdaa23abf023b4fe.jpg,640,640,raccoon,3,4,292,502
raccoon-155_jpg.rf.b274d4ade1352dc2832a5afffa153b3e.jpg,640,640,raccoon,287,300,526,558
raccoon-153_jpg.rf.b13b97f03681bdcc15b46f884c958dd0.jpg,640,640,raccoon,9,0,560,639
miguel-20_jpg.rf.b09b25b26cafccfb7f86c9f6f1855210.jpg,640,640,miguel,160,77,546,433
raccoon-26_jpg.rf.b3372f757eceae676f54c2ea8e36567a.jpg,640,640,raccoon,238,9,640,577
raccoon-124_jpg.rf.b4f1b9f4ef6d2a0570fdf8b2f7052949.jpg,640,640,raccoon,49,155,598,511
raccoon-88_jpg.rf.b67565a9eba3c2478de28f8519b4401c.jpg,640,640,raccoon,114,55,524,581
raccoon-133_jpg.rf.b495e7b49ec3200553b80f580683ae5b.jpg,640,640,raccoon,10,9,622,634
raccoon-17_jpg.rf.b1078def153fd78b9e7d27576c272d37.jpg,640,640,raccoon,235,198,413,389
raccoon-48_jpg.rf.b52d71c69a4494df5bc515254087aa08.jpg,640,640,raccoon,106,93,589,584
miguel-20_jpg.rf.b7b689a36ceca6fff0d6343d8a389d76.jpg,640,640,miguel,94,77,480,433
raccoon-108_jpg.rf.b94353d1bc1c8bec424b407739208499.jpg,640,640,raccoon,214,23,535,570
raccoon-194_jpg.rf.bbaa53e8fb90398c1f55b700f6f693b8.jpg,640,640,raccoon,116,23,640,603
raccoon-42_jpg.rf.b154d5ffbc6fe990ecba2acfa8fb6c4c.jpg,640,640,raccoon,134,161,455,511
raccoon-6_jpg.rf.b5f07cb4fbaa0ff99a148780618017c0.jpg,640,640,raccoon,231,78,639,562
raccoon-56_jpg.rf.b338cd024fe6ef7e33db94c48cfb8746.jpg,640,640,raccoon,54,18,598,613
miguel-21_jpg.rf.b9f446900c598b8acc1e9b00f659afcb.jpg,640,640,miguel,73,50,636,586
raccoon-86_jpg.rf.b504de1e40e06a2afbf812ba268d4394.jpg,640,640,raccoon,138,0,507,586
miguel-25_jpg.rf.b4a8f181499f151a05af7f376c5aa2a2.jpg,640,640,miguel,0,106,640,611
raccoon-170_jpg.rf.bab44925ac67f48b8f4da3cf4c303150.jpg,640,640,raccoon,131,69,628,551
raccoon-163_jpg.rf.b8b14f71b20bdc59d26ae202ce39dd73.jpg,640,640,raccoon,16,22,620,495
miguel-6_jpg.rf.b8be321b9a79247d8c65f53af93557c8.jpg,640,640,miguel,45,81,589,519
raccoon-90_jpg.rf.b2dfb9c3348090d7011031f748c5a153.jpg,640,640,raccoon,44,0,577,505
miguel-25_jpg.rf.bbcf89fb60539fc82cb891a81148406c.jpg,640,640,miguel,0,106,640,611
raccoon-122_jpg.rf.bfc8ac1c5e585c64228317325830d426.jpg,640,640,raccoon,14,192,615,624
raccoon-118_jpg.rf.bc3d950b43901de326717ebb17978f1f.jpg,640,640,raccoon,202,0,485,573
raccoon-9_jpg.rf.bdfe8c303a50d26782ddacf7f7e713e0.jpg,640,640,raccoon,18,49,640,631
miguel-2_jpg.rf.bb5c775655ba2eff0c857712d1f04703.jpg,640,640,miguel,56,137,631,527
raccoon-55_jpg.rf.c0793584c4f69362b036baaf0e669c06.jpg,640,640,raccoon,388,149,634,565
raccoon-55_jpg.rf.c0793584c4f69362b036baaf0e669c06.jpg,640,640,raccoon,72,11,363,599
raccoon-154_jpg.rf.b58ea6d99ac82938f272882ea414f5f5.jpg,640,640,raccoon,146,112,509,555
raccoon-76_jpg.rf.b85405d8583940f7de575e03f3e11690.jpg,640,640,raccoon,40,3,603,375
raccoon-70_jpg.rf.c0292730c954cefce0cae0347e1615fb.jpg,640,640,raccoon,101,10,563,633
raccoon-113_jpg.rf.beba5cff4ae6a78970934e09752e80ee.jpg,640,640,raccoon,1,59,384,639
raccoon-45_jpg.rf.c00abcdf765cd0e4102a97b792cc9dc9.jpg,640,640,raccoon,172,11,496,637
miguel-24_jpg.rf.c203fdd0861efb2a540f66ecd2108817.jpg,640,640,miguel,10,49,602,520
raccoon-187_jpg.rf.c208b86f55eaba5c69ef70bfde2bc392.jpg,640,640,raccoon,124,201,355,495
raccoon-7_jpg.rf.c60f7f59f364381b012ab31553ecd811.jpg,640,640,raccoon,217,164,496,549
raccoon-30_jpg.rf.c331478ddbcd43b036154864015128e3.jpg,640,640,raccoon,188,84,438,596
miguel-12_jpg.rf.c0cfc145342577f05375d239a99cf231.jpg,640,640,miguel,19,60,640,600
raccoon-93_jpg.rf.c034a34567d028adac472092d342313d.jpg,640,640,raccoon,168,92,594,605
raccoon-109_jpg.rf.ca52669e3b1eea3fe3e89c1d754fd341.jpg,640,640,raccoon,30,3,590,623
raccoon-151_jpg.rf.ccdbcb09a490d020590f4ba16a7bbfab.jpg,640,640,raccoon,333,3,520,373
raccoon-85_jpg.rf.c7af680403fdd7e3fc5a2cf5a6d2068d.jpg,640,640,raccoon,244,50,617,520
raccoon-171_jpg.rf.c93f2007930f1d8701c94593ac617062.jpg,640,640,raccoon,126,60,331,327
raccoon-9_jpg.rf.c5a3fced357300c2a8dff3fbb6e6f860.jpg,640,640,raccoon,0,49,622,631
miguel-13_jpg.rf.c852032292853891b63982c0184f9a98.jpg,640,640,miguel,20,84,619,564
raccoon-64_jpg.rf.cac6e8b5d7f2007e66ab37e0de130c5e.jpg,640,640,raccoon,3,3,611,640
raccoon-80_jpg.rf.c82a4c58f78e593c9dd3e8932c0803bb.jpg,640,640,raccoon,137,77,580,518
raccoon-117_jpg.rf.c5b7d83a423542e73edb1a6826fb625d.jpg,640,640,raccoon,100,177,266,463
raccoon-117_jpg.rf.c5b7d83a423542e73edb1a6826fb625d.jpg,640,640,raccoon,342,216,570,496
raccoon-91_jpg.rf.cf575f1599e047f1eecee1c8541f9522.jpg,640,640,raccoon,55,29,581,628
raccoon-102_jpg.rf.cec50194629545ba7de325eb03601387.jpg,640,640,raccoon,3,139,292,637
miguel-27_jpg.rf.cea47ae125de5add7563b3f13ba9c2b0.jpg,640,640,miguel,5,86,633,550
raccoon-32_jpg.rf.cf2f6b804f10908195768fb18333c3b9.jpg,640,640,raccoon,90,142,484,506
raccoon-7_jpg.rf.c6d163737a82de17208073654e45998d.jpg,640,640,raccoon,144,91,423,476
raccoon-24_jpg.rf.cfe86b358c404c4d4b967dcbeb622955.jpg,640,640,raccoon,184,109,427,477
raccoon-24_jpg.rf.cfe86b358c404c4d4b967dcbeb622955.jpg,640,640,raccoon,332,146,482,378
raccoon-67_jpg.rf.d080d6cb0750bfa3e475f7e41cb33f72.jpg,640,640,raccoon,42,59,527,581
raccoon-3_jpg.rf.d305d7b81b9f996211d8377efaf1c5a1.jpg,640,640,raccoon,1,5,640,639
raccoon-198_jpg.rf.d108c41b6a89add43083b8865c23fc49.jpg,640,640,raccoon,250,69,499,607
raccoon-198_jpg.rf.d108c41b6a89add43083b8865c23fc49.jpg,640,640,raccoon,149,106,364,521
raccoon-88_jpg.rf.d7ed3d3e848607dee067656df0eae4ed.jpg,640,640,raccoon,116,59,526,585
miguel-5_jpg.rf.cdb58ba9e03d46d9a53c3a4dbff2388f.jpg,640,640,miguel,58,63,605,507
raccoon-15_jpg.rf.d8b5e6bfe82f92a5ae1efa2d1242ceb4.jpg,640,640,raccoon,313,108,614,640
raccoon-34_jpg.rf.d062cc3e4ca6106044d26f7d8c22345d.jpg,640,640,raccoon,80,6,638,640
raccoon-161_jpg.rf.d0ff7882c0ec736948c9b4bd2087e004.jpg,640,640,raccoon,267,297,493,505
raccoon-152_jpg.rf.cafefda4515763db7240c2f17d5f0f04.jpg,640,640,raccoon,95,98,519,430
raccoon-81_jpg.rf.c83b27acdcb311774a02afd41356deb7.jpg,640,640,raccoon,5,57,613,563
raccoon-77_jpg.rf.d4dbe96e201b92864f9ec9cb2f99313e.jpg,640,640,raccoon,13,54,479,639
raccoon-74_jpg.rf.d9ba0c0f4759e3228dfc8b2228bce59e.jpg,640,640,raccoon,263,34,528,633
raccoon-42_jpg.rf.bb2da18640eb5fde84326692cc0b5456.jpg,640,640,raccoon,185,161,506,511
raccoon-199_jpg.rf.d820cda7ad10b3029c64f7148be632e3.jpg,640,640,raccoon,110,96,612,601
raccoon-159_jpg.rf.cd4585cb398dfdbfa706d68523a43606.jpg,640,640,raccoon,40,6,632,608
raccoon-2_jpg.rf.d9805f05128ce2002c9dd79f7da17e18.jpg,640,640,raccoon,270,83,592,583
raccoon-188_jpg.rf.d9ea148feac715e8fa0c7053df142b23.jpg,640,640,raccoon,131,120,604,564
raccoon-19_jpg.rf.d887d831a9290dfe3ee6d8b3b7ab2a42.jpg,640,640,raccoon,190,27,425,294
raccoon-23_jpg.rf.d68c34c9ee0ffe15337d043c81a111bb.jpg,640,640,raccoon,3,0,373,637
miguel-19_jpg.rf.d6f450ab5aba7b78e67332f4e477fd1b.jpg,640,640,miguel,12,54,634,586
raccoon-39_jpg.rf.debbf24a45c9664e27d3f2c1f21dc2b9.jpg,640,640,raccoon,0,23,502,596
raccoon-81_jpg.rf.dd5d53836bf0e200d1cb5b92a0d12e44.jpg,640,640,raccoon,28,57,636,563
miguel-5_jpg.rf.d914cd581fb99047f196f464830e6ceb.jpg,640,640,miguel,35,133,582,577
raccoon-177_jpg.rf.dbee1542b07c8ef9419fa99f66e86b88.jpg,640,640,raccoon,19,18,364,577
raccoon-177_jpg.rf.dbee1542b07c8ef9419fa99f66e86b88.jpg,640,640,raccoon,338,130,610,595
miguel-14_jpg.rf.d736945eaf00d271fd2011f88a61fcd3.jpg,640,640,miguel,1,160,636,611
miguel-11_jpg.rf.de82a74b9593d04a9fe7b945b924b8af.jpg,640,640,miguel,61,154,548,522
miguel-3_jpg.rf.defcbd464909e539d765c3dac9546875.jpg,640,640,miguel,0,22,640,532
raccoon-92_jpg.rf.e0ef3ad6a2b1d8cdc2b36c6a5ae728ae.jpg,640,640,raccoon,154,32,615,543
miguel-0_jpg.rf.df6aa056c88a2d7a0cf6c395babdd654.jpg,640,640,miguel,30,183,622,552
raccoon-153_jpg.rf.e40e05f774399abaa472d28fac79c0ba.jpg,640,640,raccoon,80,0,631,639
raccoon-113_jpg.rf.df346047b61fcd523a3ce8c25d192803.jpg,640,640,raccoon,256,59,639,639
raccoon-46_jpg.rf.d446220d3cffac0d5698d921cd771e3e.jpg,640,640,raccoon,170,0,479,636
raccoon-141_jpg.rf.df3a67048a2472d3a6feedb5c102f00f.jpg,640,640,raccoon,244,82,638,637
raccoon-191_jpg.rf.e32572ab628f53fe3d55f816ffccb273.jpg,640,640,raccoon,101,164,482,512
raccoon-63_jpg.rf.e1a559d57d89755f5238eae9b3316b26.jpg,640,640,raccoon,341,171,561,464
raccoon-63_jpg.rf.e1a559d57d89755f5238eae9b3316b26.jpg,640,640,raccoon,210,149,398,477
raccoon-74_jpg.rf.da57b13e7f2f47164ecd375a99173bae.jpg,640,640,raccoon,113,34,378,633
raccoon-124_jpg.rf.e728462246610653364d476b58e9f4d1.jpg,640,640,raccoon,42,155,591,511
raccoon-115_jpg.rf.e3d9db26e190b8e514a77ea319e20910.jpg,640,640,raccoon,77,130,527,556
miguel-32_jpg.rf.e29ad9cc211b9b00ff53acadeec41517.jpg,640,640,miguel,40,100,640,607
miguel-17_jpg.rf.e4d6bdcee00c3695d32d5500ee39591a.jpg,640,640,miguel,0,110,590,596
raccoon-150_jpg.rf.e33ffa6c9b49f08769516996bc24100f.jpg,640,640,raccoon,205,217,454,591
raccoon-182_jpg.rf.e8e387a577e3beb34e12030e6308d463.jpg,640,640,raccoon,283,1,618,484
raccoon-74_jpg.rf.e83ae12b2fd3f71ab90c54295c269704.jpg,640,640,raccoon,113,8,378,607
raccoon-161_jpg.rf.eb508599fdb3995b68a50de01c72a5ad.jpg,640,640,raccoon,267,135,493,343
raccoon-160_jpg.rf.e532da8db432b88600c6ac6c9847ae5e.jpg,640,640,raccoon,235,136,623,640
raccoon-139_jpg.rf.ee1171e70e93310877ac5847a44b41f0.jpg,640,640,raccoon,50,89,438,620
raccoon-147_jpg.rf.ee457e2c06b0230ce8fe53d30f3ca08b.jpg,640,640,raccoon,19,154,640,639
raccoon-89_jpg.rf.e9f5bbfbaa4ab870750d3b14b4cbba96.jpg,640,640,raccoon,44,20,556,581
raccoon-31_jpg.rf.eb019f0b4bc17715604d439c119d43b4.jpg,640,640,raccoon,222,51,507,577
raccoon-31_jpg.rf.eb019f0b4bc17715604d439c119d43b4.jpg,640,640,raccoon,30,207,217,476
raccoon-133_jpg.rf.e5d17744b56340e27717e69fbd870420.jpg,640,640,raccoon,18,6,630,631
raccoon-33_jpg.rf.ece7ac8f2eea35c08f5cac6fadc38a2a.jpg,640,640,raccoon,95,9,631,640
raccoon-169_jpg.rf.ec16981ce338c892f67f955038c81c6a.jpg,640,640,raccoon,201,0,571,639
raccoon-136_jpg.rf.ea7f59218be56d64fbe32d76c61aac88.jpg,640,640,raccoon,145,16,513,562
raccoon-130_jpg.rf.ed76ad5d42d5835673a5904ec7fbb92b.jpg,640,640,raccoon,223,93,497,461
raccoon-130_jpg.rf.ed76ad5d42d5835673a5904ec7fbb92b.jpg,640,640,raccoon,453,62,640,636
raccoon-196_jpg.rf.e60fa66016847da03ae2bb7a628f4e5c.jpg,640,640,raccoon,228,258,580,625
raccoon-10_jpg.rf.e03703d894b8d0500b401822d8f31280.jpg,640,640,raccoon,185,3,634,631
raccoon-17_jpg.rf.eff611c65e331c2f752dc609e06314d1.jpg,640,640,raccoon,228,251,406,442
miguel-10_jpg.rf.ec7b885981f4e48b226b0640e6e9ac36.jpg,640,640,miguel,22,66,615,563
raccoon-107_jpg.rf.ef7b521edac2ec218fc5d23fceba5905.jpg,640,640,raccoon,211,33,635,587
raccoon-4_jpg.rf.ec91521197d8e0c763ab4dec82c1d513.jpg,640,640,raccoon,175,0,591,602
raccoon-180_jpg.rf.eaf01052dca4662f0c5098bb52475f8d.jpg,640,640,raccoon,248,2,513,607
raccoon-45_jpg.rf.ef0ce0e4a0fa3fe244b7a413a0e4f39d.jpg,640,640,raccoon,145,11,469,637
raccoon-154_jpg.rf.f44306c72f05da43fce474f204f6dd13.jpg,640,640,raccoon,131,86,494,529
raccoon-160_jpg.rf.e9028cc560316765eb14373521ec74a1.jpg,640,640,raccoon,17,0,405,504
raccoon-184_jpg.rf.f01f0c946f31a348bc4c62ad86e222f1.jpg,640,640,raccoon,73,77,559,617
raccoon-80_jpg.rf.f1f52fc054a16f43e6171bd4afcc7ad2.jpg,640,640,raccoon,137,123,580,564
raccoon-47_jpg.rf.f0f1527653e110696b76f1678bb1bbf9.jpg,640,640,raccoon,71,13,557,640
miguel-20_jpg.rf.f84fc2aa8b18447a18cba23fe7e45924.jpg,640,640,miguel,94,207,480,563
raccoon-183_jpg.rf.f88c58eabd123be675caff374846d0c7.jpg,640,640,raccoon,207,103,525,630
raccoon-178_jpg.rf.f3eff16faec4f34e0ada768c372ec5a4.jpg,640,640,raccoon,138,42,564,629
raccoon-173_jpg.rf.ee1564550145d08927215e35ae8e7c24.jpg,640,640,raccoon,41,35,405,638
raccoon-89_jpg.rf.f4d49ea410b05a00e0c8970852a93ff7.jpg,640,640,raccoon,84,60,596,621
miguel-8_jpg.rf.f3cf98bbfe043dbc6e4e130866302d5b.jpg,640,640,miguel,41,81,576,571
miguel-30_jpg.rf.f1aaff2e50618424798feaaa86d3abde.jpg,640,640,miguel,35,117,598,529
raccoon-30_jpg.rf.fbca2cde9c0847a3d8ec0acda30daca2.jpg,640,640,raccoon,202,84,452,596
raccoon-97_jpg.rf.f77aae7e51aaaf9fbe256619100b8c90.jpg,640,640,raccoon,201,140,639,588
miguel-14_jpg.rf.fbf45ca05798ed6f0573c1fc84192d36.jpg,640,640,miguel,4,30,639,481
raccoon-108_jpg.rf.f96f5d6e4a0134abf954ba4d0ecebc35.jpg,640,640,raccoon,105,23,426,570
miguel-16_jpg.rf.f41ee56124bf6f477fac247cbb944c3f.jpg,640,640,miguel,0,240,636,640
raccoon-61_jpg.rf.fab5e49607fcab1d2f347816612a5cb6.jpg,640,640,raccoon,220,125,456,421
raccoon-61_jpg.rf.fab5e49607fcab1d2f347816612a5cb6.jpg,640,640,raccoon,332,265,498,505
raccoon-49_jpg.rf.fab4ba606e3d1189a3b3686c31460314.jpg,640,640,raccoon,29,0,478,582
miguel-13_jpg.rf.fddb52c468d1d2bd815361e6d0024a5a.jpg,640,640,miguel,21,84,620,564
raccoon-123_jpg.rf.faed44ef5ee1477da1a764ae4d06c980.jpg,640,640,raccoon,90,66,360,618
raccoon-91_jpg.rf.fc7dd7791ea028cced9a99988257a026.jpg,640,640,raccoon,55,13,581,612
raccoon-199_jpg.rf.fb5c523f551ca316a06012b7f3bb8788.jpg,640,640,raccoon,28,96,530,601
raccoon-50_jpg.rf.fc10b1b5dd142caf597dcf06a7007ef4.jpg,640,640,raccoon,84,38,405,633
raccoon-170_jpg.rf.fce3bc1ac8718805c2f12ee347740076.jpg,640,640,raccoon,12,89,509,571
raccoon-25_jpg.rf.fd758512660065e9ef8dc0de1f824d02.jpg,640,640,raccoon,312,0,609,558
raccoon-89_jpg.rf.036f08fcea185483286e75db67b42e4d.jpg,640,640,raccoon,44,60,556,621
raccoon-32_jpg.rf.04a36555c5f609894da42eef159bf8ae.jpg,640,640,raccoon,90,134,484,498
raccoon-50_jpg.rf.025cf4fa785647b030fb2f1fbbb7179c.jpg,640,640,raccoon,235,7,556,602
raccoon-18_jpg.rf.01ee81d600a25dbd017687cd39d764d2.jpg,640,640,raccoon,85,107,536,538
raccoon-163_jpg.rf.04a6128bbe5d4f28283014eaa555e8da.jpg,640,640,raccoon,21,145,625,618
raccoon-133_jpg.rf.022ba8bab986c865fbe68822e7e21331.jpg,640,640,raccoon,10,6,622,631
raccoon-18_jpg.rf.057f3ff2c65e28ea95036ee3b0e7316c.jpg,640,640,raccoon,104,107,555,538
raccoon-63_jpg.rf.04cc4ed830b32179123952ff04ebb334.jpg,640,640,raccoon,79,176,299,469
raccoon-63_jpg.rf.04cc4ed830b32179123952ff04ebb334.jpg,640,640,raccoon,242,163,430,491
raccoon-96_jpg.rf.04be38da871ac414e2df3ad0e05be66e.jpg,640,640,raccoon,78,73,565,511
raccoon-167_jpg.rf.04fe31c57985aa29ae1b21599b5d9a7b.jpg,640,640,raccoon,3,0,433,624
miguel-16_jpg.rf.07f403e9875f10a8e24bdd6aa6ac1a05.jpg,640,640,miguel,4,0,640,400
miguel-9_jpg.rf.013a5d60b5b0603f58429e518acb9ef0.jpg,640,640,miguel,31,59,580,543
raccoon-79_jpg.rf.076543ec097b272b8cc0f77629ea6d7e.jpg,640,640,raccoon,120,1,568,640
raccoon-101_jpg.rf.07bfff5409fe984f4e895bb6b43b253e.jpg,640,640,raccoon,240,80,554,535
miguel-33_jpg.rf.08d910447896ae559f112769786c8383.jpg,640,640,miguel,29,78,592,512
raccoon-169_jpg.rf.0c5fa88a0fbc7926ecbe41fb867eea1b.jpg,640,640,raccoon,201,1,571,640
raccoon-200_jpg.rf.0bd58c6b72add5fcf2beae01e190ec2b.jpg,640,640,raccoon,30,89,378,607
raccoon-162_jpg.rf.0f5d16b11e3a6024c2918ce8581feae3.jpg,640,640,raccoon,111,112,398,607
raccoon-53_jpg.rf.0cf0b1cbb96f4b011015b514e4f24fb2.jpg,640,640,raccoon,175,149,487,564
raccoon-200_jpg.rf.11de2b78256d676493844b52a8b8fea4.jpg,640,640,raccoon,30,33,378,551
raccoon-25_jpg.rf.057e4ea7b04232dc3813963184750d88.jpg,640,640,raccoon,312,82,609,640
raccoon-51_jpg.rf.0f219abbc45f044e8ca2cddd9b0052ec.jpg,640,640,raccoon,252,112,618,577
raccoon-55_jpg.rf.10160fcfa75daa41c3b57e990b34dbb6.jpg,640,640,raccoon,6,75,252,491
raccoon-55_jpg.rf.10160fcfa75daa41c3b57e990b34dbb6.jpg,640,640,raccoon,277,42,568,630
miguel-31_jpg.rf.0fdcd2ce890ab6e3605ae2d4617af47b.jpg,640,640,miguel,0,45,638,583
raccoon-147_jpg.rf.0bf12e85979c559c59979ddebdb07365.jpg,640,640,raccoon,19,1,640,486
raccoon-79_jpg.rf.158e9690150c06a1bc308e8bdd185877.jpg,640,640,raccoon,72,1,520,640
raccoon-15_jpg.rf.13dd7c8db59ebcb62315f11f934558dc.jpg,640,640,raccoon,26,0,327,532
raccoon-135_jpg.rf.13380bdeb1db2e6126338d0e0beac3ee.jpg,640,640,raccoon,99,12,605,607
raccoon-22_jpg.rf.18c43124a39b063d53139b9c26ea4eea.jpg,640,640,raccoon,252,44,466,505
raccoon-78_jpg.rf.128be1b85a4f3b12375e48bf7de7e554.jpg,640,640,raccoon,81,43,635,612
miguel-12_jpg.rf.1839bb909c031ed01688fc350c433cd5.jpg,640,640,miguel,0,60,621,600
miguel-12_jpg.rf.171095ddf14252c02d79c6a594726618.jpg,640,640,miguel,0,40,621,580
raccoon-194_jpg.rf.1621715a116043d7abf576ff375cc864.jpg,640,640,raccoon,1,38,525,618
raccoon-21_jpg.rf.19a012752e37003d28cffed263842a16.jpg,640,640,raccoon,130,11,477,633
raccoon-4_jpg.rf.1525d27ff3d74c8a174423dbc78306b6.jpg,640,640,raccoon,49,0,465,602
raccoon-6_jpg.rf.1a63d4aa740e50a1a73bb3f8f78ccc37.jpg,640,640,raccoon,2,78,410,562
raccoon-171_jpg.rf.15a5a2288ebdf2d4653dd70da76b46cb.jpg,640,640,raccoon,309,313,514,580
raccoon-132_jpg.rf.1a1e52bd05d14001b98e2ee9aa7ec1f3.jpg,640,640,raccoon,47,7,625,432
raccoon-76_jpg.rf.19385b48ab968cd855d41df9670998f6.jpg,640,640,raccoon,37,265,600,637
raccoon-12_jpg.rf.1616120f74e24fcfae2e069db74e1801.jpg,640,640,raccoon,329,43,571,571
raccoon-12_jpg.rf.1616120f74e24fcfae2e069db74e1801.jpg,640,640,raccoon,59,3,430,531
raccoon-135_jpg.rf.1a9ea99ab01e00fd30a4062e72c807a3.jpg,640,640,raccoon,35,12,541,607
raccoon-150_jpg.rf.1adfec5d95435b1e8785060e562ae748.jpg,640,640,raccoon,186,217,435,591
raccoon-20_jpg.rf.189296ab7f6e91773e742ec03c5f66b6.jpg,640,640,raccoon,2,35,640,597
raccoon-175_jpg.rf.1652988a00cb9fad9846dedc2c64b727.jpg,640,640,raccoon,283,5,570,491
raccoon-149_jpg.rf.194448be45542a7991fe924de646b763.jpg,640,640,raccoon,169,220,390,555
miguel-30_jpg.rf.1d53f5154b5e9b2356f2c90650235934.jpg,640,640,miguel,43,117,606,529
raccoon-39_jpg.rf.1586b0edea5575d8b9d2f468e4c45333.jpg,640,640,raccoon,138,23,640,596
raccoon-142_jpg.rf.1de9ea957fce4178c69cd25667f879b5.jpg,640,640,raccoon,133,23,533,505
raccoon-122_jpg.rf.1cb58db4d138091719bd812aa9b8f3ac.jpg,640,640,raccoon,25,16,626,448
raccoon-3_jpg.rf.1aaa94ae00d3217882d111cc6cc62ef0.jpg,640,640,raccoon,0,1,639,635
miguel-27_jpg.rf.12e283fa5f04e0b0c5421d6efbf932e0.jpg,640,640,miguel,7,86,635,550
raccoon-170_jpg.rf.1e523f3c275d79a2ad6c6cf83b7740e4.jpg,640,640,raccoon,131,89,628,571
raccoon-136_jpg.rf.2131fa1cee1eb50544def1e22989e8bf.jpg,640,640,raccoon,127,78,495,624
raccoon-66_jpg.rf.22226381a72e4cef7987b4c2a09ad1cc.jpg,640,640,raccoon,122,49,477,582
miguel-26_jpg.rf.227a4552adbdd2408c0ae43e6e80d58d.jpg,640,640,miguel,38,94,640,579
raccoon-131_jpg.rf.209cdcde77e25ee25149984b00a66f06.jpg,640,640,raccoon,2,3,492,607
raccoon-195_jpg.rf.20e98ed92627c7926ea522a00e681f9d.jpg,640,640,raccoon,71,0,560,325
raccoon-190_jpg.rf.235ad508342e8e6404d5706fba7f6aa7.jpg,640,640,raccoon,262,179,447,446
raccoon-70_jpg.rf.22baee236edb554769476b942b806c0f.jpg,640,640,raccoon,101,7,563,630
raccoon-56_jpg.rf.239a7851ad489801dcbb231185b48909.jpg,640,640,raccoon,43,18,587,613
raccoon-13_jpg.rf.25869984b72aa385ce660093c15454f5.jpg,640,640,raccoon,53,36,381,405
raccoon-116_jpg.rf.23f294e4aded373f17a833f7c27f222d.jpg,640,640,raccoon,3,2,423,637
raccoon-163_jpg.rf.206a921f5fd8705617be6cc745061167.jpg,640,640,raccoon,21,22,625,495
raccoon-177_jpg.rf.24c0ae870bb487145b6cf534a5075e43.jpg,640,640,raccoon,19,63,364,622
raccoon-177_jpg.rf.24c0ae870bb487145b6cf534a5075e43.jpg,640,640,raccoon,338,46,610,511
raccoon-90_jpg.rf.2316d8d8a6e7bbaf2fdfa0646448071b.jpg,640,640,raccoon,44,135,577,640
raccoon-157_jpg.rf.21b1afa0d565898bac4533463b1e7ca2.jpg,640,640,raccoon,3,3,419,584
miguel-22_jpg.rf.26c7e95592a6bac19fb8831e6cabdc0e.jpg,640,640,miguel,20,138,617,594
raccoon-100_jpg.rf.288e16274260de7f895319e26d5d2bcb.jpg,640,640,raccoon,365,11,636,578
raccoon-190_jpg.rf.277b6456afb47bc25ace63964d42d953.jpg,640,640,raccoon,193,179,378,446
raccoon-35_jpg.rf.26aa010e06cf8a6da1f275d96cda7db5.jpg,640,640,raccoon,258,0,638,637
raccoon-172_jpg.rf.2901a9527fb4aaa10b3eb144c35ac68e.jpg,640,640,raccoon,225,81,450,542
raccoon-66_jpg.rf.271dc999c41eaf825ff78f58bc0ce5d1.jpg,640,640,raccoon,122,58,477,591
raccoon-119_jpg.rf.24c295dbdfe4869b8c7778a19b1eda04.jpg,640,640,raccoon,26,216,579,566
raccoon-119_jpg.rf.24c295dbdfe4869b8c7778a19b1eda04.jpg,640,640,raccoon,338,157,443,209
raccoon-119_jpg.rf.24c295dbdfe4869b8c7778a19b1eda04.jpg,640,640,raccoon,317,72,448,169
raccoon-61_jpg.rf.2c19bebab49ebf981e43d8722fafe705.jpg,640,640,raccoon,220,219,456,515
raccoon-61_jpg.rf.2c19bebab49ebf981e43d8722fafe705.jpg,640,640,raccoon,332,136,498,376
raccoon-37_jpg.rf.236a5730203b375251987299ccdb5f92.jpg,640,640,raccoon,25,1,624,639
raccoon-121_jpg.rf.2aa80faa0b9ff600299c9178e077672a.jpg,640,640,raccoon,59,36,444,586
miguel-32_jpg.rf.297806531dc2aec9acfd5c56a6ffd492.jpg,640,640,miguel,0,33,600,540
miguel-7_jpg.rf.2a6cf5f6249bc81e395cda8a99590a6f.jpg,640,640,miguel,0,101,588,596
raccoon-31_jpg.rf.2e8600dd43cdcc644c888d10f2774662.jpg,640,640,raccoon,133,51,418,577
raccoon-31_jpg.rf.2e8600dd43cdcc644c888d10f2774662.jpg,640,640,raccoon,423,207,610,476
raccoon-44_jpg.rf.2e0da83387442067337cef9b8e0cb4ff.jpg,640,640,raccoon,96,54,527,629
miguel-33_jpg.rf.2b0c279f4403e08695f266c5a611ca28.jpg,640,640,miguel,49,78,612,512
raccoon-19_jpg.rf.2946b00912c740c841cc71c3ee0b74f6.jpg,640,640,raccoon,190,347,425,614
miguel-24_jpg.rf.27ab16ed90963171f31df8686efe3ec7.jpg,640,640,miguel,38,49,630,520
raccoon-188_jpg.rf.2de959ee044e8d0d6f1d82bf9c65955f.jpg,640,640,raccoon,36,76,509,520
miguel-26_jpg.rf.30f573a05eccd679d04d6c289d45c80a.jpg,640,640,miguel,38,61,640,546
raccoon-2_jpg.rf.317da86d8a6643c748c1636d622e9070.jpg,640,640,raccoon,48,83,370,583
raccoon-147_jpg.rf.2f8ef1ae134372d9741045c8839bb9cf.jpg,640,640,raccoon,0,154,621,639
miguel-0_jpg.rf.2d842ab9d3675c8470cc3387d3d355d3.jpg,640,640,miguel,18,183,610,552
miguel-29_jpg.rf.2baf885ac0b6e1da860174b8bee09ca0.jpg,640,640,miguel,35,157,625,524
miguel-1_jpg.rf.34d14b8a13763b3988813f37b6e3c878.jpg,640,640,miguel,0,18,640,553
miguel-31_jpg.rf.2ad268bcac1c816e9b091aab90ba6b86.jpg,640,640,miguel,2,45,640,583
raccoon-187_jpg.rf.2c315ef15b0717345dc598cda54c5fad.jpg,640,640,raccoon,285,201,516,495
raccoon-135_jpg.rf.376bbf2a8943a2871f16e2cacfa260cb.jpg,640,640,raccoon,35,33,541,628
raccoon-114_jpg.rf.32fed21c2a37f628aeb6e0dbda5a3436.jpg,640,640,raccoon,248,236,535,586
miguel-28_jpg.rf.3183093d0f44e311613a93cea4a896b9.jpg,640,640,miguel,1,132,608,571
raccoon-96_jpg.rf.32b5ba6071f4c2af06d3f45360aaae5f.jpg,640,640,raccoon,75,73,562,511
raccoon-83_jpg.rf.3357c3f4a43e08bae8fa5c4f889a66a1.jpg,640,640,raccoon,101,3,493,635
raccoon-157_jpg.rf.34120c0a0380d8734f6c19a6deb573db.jpg,640,640,raccoon,221,56,637,637
raccoon-21_jpg.rf.3545d3523bb26ef849938056b091b2cf.jpg,640,640,raccoon,130,7,477,629
raccoon-53_jpg.rf.322b0167d19b52af5789e0aa4db4ac6f.jpg,640,640,raccoon,153,149,465,564
raccoon-16_jpg.rf.340707ddadd977ae3ffdb9e04322296f.jpg,640,640,raccoon,77,178,536,632
miguel-18_jpg.rf.36c43bf793eb62f38cd6f9819b272dd0.jpg,640,640,miguel,8,207,514,621
raccoon-149_jpg.rf.36c1b9fab9409fc679f50af6c8a33a0a.jpg,640,640,raccoon,250,85,471,420
raccoon-37_jpg.rf.39d39af588b3b29f6d1fea8d8a1f854e.jpg,640,640,raccoon,16,1,615,639
raccoon-137_jpg.rf.3a47a50b1571821e5295abe93ed086f0.jpg,640,640,raccoon,32,22,498,622
raccoon-172_jpg.rf.38de046ca05d0ecb911b6a068bd72049.jpg,640,640,raccoon,225,98,450,559
raccoon-60_jpg.rf.37f3e73697a58d807d7c2bd418ad048f.jpg,640,640,raccoon,178,115,504,440
raccoon-174_jpg.rf.3d05e9d56d1a968e023c0d06fc4c6db0.jpg,640,640,raccoon,83,43,392,528
raccoon-92_jpg.rf.3ad5d16e893c941ca4eb78c618a4b8e5.jpg,640,640,raccoon,25,97,486,608
miguel-1_jpg.rf.3a792fcf029be68e9a856b7648b42bfe.jpg,640,640,miguel,0,18,640,553
miguel-3_jpg.rf.3782a76d1a24c84fcb0a01de5a133c6b.jpg,640,640,miguel,0,22,640,532
raccoon-71_jpg.rf.3a324ffb1991a406aaf465c7bc0cdf7a.jpg,640,640,raccoon,129,77,628,561
raccoon-155_jpg.rf.426e3a1980ee2b48264b802a5081dd2d.jpg,640,640,raccoon,114,82,353,340
raccoon-174_jpg.rf.40f935e628e539f82bcecc92e5debab6.jpg,640,640,raccoon,248,43,557,528
raccoon-55_jpg.rf.3f377da6d44870688648596df96949b2.jpg,640,640,raccoon,388,75,634,491
raccoon-55_jpg.rf.3f377da6d44870688648596df96949b2.jpg,640,640,raccoon,72,42,363,630
raccoon-114_jpg.rf.40b01f0ff915ca6ba5f23aac75ef8cce.jpg,640,640,raccoon,248,54,535,404
raccoon-196_jpg.rf.3bcd23f01f048d2fb8149309adf3b199.jpg,640,640,raccoon,60,15,412,382
raccoon-38_jpg.rf.3faf48509f65057f5a3b2e1db86adaf3.jpg,640,640,raccoon,5,46,623,584
raccoon-46_jpg.rf.3dda79aa97cdbda420dc7314568eacd7.jpg,640,640,raccoon,170,4,479,640
raccoon-104_jpg.rf.407e6447e9bb233a1719bb9f254cb8fc.jpg,640,640,raccoon,202,116,363,554
raccoon-172_jpg.rf.499827c49017862a4d8de502dce6cf7b.jpg,640,640,raccoon,191,98,416,559
raccoon-38_jpg.rf.4300568a9e0cee2293b4f5663af2d8cb.jpg,640,640,raccoon,17,46,635,584
raccoon-174_jpg.rf.3e6d6b46911aa8903ea2bbb1f4f3bf68.jpg,640,640,raccoon,248,112,557,597
raccoon-152_jpg.rf.47ebb885ebaaf4aa5926f4b71f13562a.jpg,640,640,raccoon,121,98,545,430
raccoon-151_jpg.rf.41b9fccc9b28f48f47f6dd87153758c3.jpg,640,640,raccoon,120,3,307,373
raccoon-165_jpg.rf.42813228a38eca1ac33af2df7ea04682.jpg,640,640,raccoon,16,28,553,577
miguel-7_jpg.rf.485e777c131658b277d073d55060be5d.jpg,640,640,miguel,0,44,588,539
miguel-21_jpg.rf.55056cf5d8c3638e647571d1d2ba48c2.jpg,640,640,miguel,4,50,567,586
raccoon-24_jpg.rf.3caf811ad1d0cd9bcb6b412066177fd2.jpg,640,640,raccoon,213,163,456,531
raccoon-24_jpg.rf.3caf811ad1d0cd9bcb6b412066177fd2.jpg,640,640,raccoon,158,262,308,494
raccoon-103_jpg.rf.452a1fc20f46e681132ca99d42744e0d.jpg,640,640,raccoon,27,54,517,545
miguel-4_jpg.rf.4334aa42306101810d9904a1b59b78e4.jpg,640,640,miguel,27,110,588,530
raccoon-37_jpg.rf.4920332234f7d5529d8678fa9d185658.jpg,640,640,raccoon,25,1,624,639
miguel-6_jpg.rf.4c96259e96769caefc54e9c137978f42.jpg,640,640,miguel,51,81,595,519
raccoon-138_jpg.rf.56e8430062069fa4e64995328c99a6b6.jpg,640,640,raccoon,82,145,502,462
raccoon-107_jpg.rf.4d01f7eef1e7082d353441ccf3c5a81f.jpg,640,640,raccoon,5,53,429,607
raccoon-137_jpg.rf.4c541d2cd6c457f1850338ba6240db03.jpg,640,640,raccoon,142,19,608,619
raccoon-1_jpg.rf.5014e96ef97fb6646d896c7b4a595d0a.jpg,640,640,raccoon,126,14,560,505
raccoon-118_jpg.rf.49c153979fbce31d78dc3a23a102941c.jpg,640,640,raccoon,156,67,439,640
raccoon-102_jpg.rf.4f316eceed2ed4135a25741b550ab4c6.jpg,640,640,raccoon,349,139,638,637
raccoon-83_jpg.rf.535b999d6c60a748777e3ae8c0fb7a96.jpg,640,640,raccoon,101,5,493,637
miguel-8_jpg.rf.44aca77cdbebd48291f1035c23c18a48.jpg,640,640,miguel,64,69,599,559
raccoon-139_jpg.rf.5659acbf4a3a437ff24be7452f4f9c6b.jpg,640,640,raccoon,203,20,591,551
raccoon-48_jpg.rf.5808163cfb17b0114eee08198e0aba6a.jpg,640,640,raccoon,52,57,535,548
raccoon-87_jpg.rf.4f93841f02f656bef6e806c0895118b7.jpg,640,640,raccoon,125,20,637,631
raccoon-88_jpg.rf.524f8cb7bc1ed158168e9b8f6540e54f.jpg,640,640,raccoon,116,55,526,581
raccoon-104_jpg.rf.4ea909655d509883ff3b1f13f28c4d55.jpg,640,640,raccoon,202,87,363,525
raccoon-100_jpg.rf.58456bb5a690eb442ffc38cffc25a011.jpg,640,640,raccoon,4,11,275,578
raccoon-109_jpg.rf.58c08918b9f455b0e206905eade29ff7.jpg,640,640,raccoon,30,18,590,638
raccoon-54_jpg.rf.576b511aeb547d6db1724049074d576f.jpg,640,640,raccoon,83,10,550,629
raccoon-188_jpg.rf.58d2d4d7dcec9e7b663cc109b9926cd1.jpg,640,640,raccoon,36,120,509,564
raccoon-159_jpg.rf.505e881a937e4c7b82a9b0351c65326b.jpg,640,640,raccoon,9,6,601,608
raccoon-69_jpg.rf.58de95cb9dd16ee4cfe7f08875339b7e.jpg,640,640,raccoon,53,16,603,612
raccoon-36_jpg.rf.60e96d70d0af9bbd56a2301dc3c15e5c.jpg,640,640,raccoon,172,40,527,640
raccoon-66_jpg.rf.597570683a91ada3f9e9e5afc7373106.jpg,640,640,raccoon,164,58,519,591
raccoon-142_jpg.rf.65166c3efa082cec243babae421690c8.jpg,640,640,raccoon,107,23,507,505
raccoon-84_jpg.rf.5b754d86acb5b94a4b514c59a70633ef.jpg,640,640,raccoon,224,11,574,617
raccoon-51_jpg.rf.5f77d6233c9e2bde35e19d3c01433a30.jpg,640,640,raccoon,22,63,388,528
raccoon-33_jpg.rf.615454c69b3c7cfe87be4f17a17eb4f1.jpg,640,640,raccoon,10,9,546,640
miguel-23_jpg.rf.5d5dbf474ede5c2564b337915d69f796.jpg,640,640,miguel,0,99,583,536
miguel-18_jpg.rf.609da870dd224aacd022104340a1af97.jpg,640,640,miguel,126,207,632,621
raccoon-119_jpg.rf.67b052334406bae062067baf1db2292e.jpg,640,640,raccoon,61,216,614,566
raccoon-119_jpg.rf.67b052334406bae062067baf1db2292e.jpg,640,640,raccoon,197,157,302,209
raccoon-119_jpg.rf.67b052334406bae062067baf1db2292e.jpg,640,640,raccoon,192,72,323,169
raccoon-123_jpg.rf.6947cb1d5456c3a669ad428353c89ea2.jpg,640,640,raccoon,280,66,550,618
miguel-9_jpg.rf.5f36d929b02f24789669a4d6ebf63419.jpg,640,640,miguel,61,59,610,543
raccoon-45_jpg.rf.6404c25ab2811fb7ec3e8e6b9b858f42.jpg,640,640,raccoon,145,4,469,630
raccoon-26_jpg.rf.6a0c0ce2eb583cca4b74be3d4022bae8.jpg,640,640,raccoon,0,9,402,577
raccoon-58_jpg.rf.65650b0810377533d1a0e03772ebe695.jpg,640,640,raccoon,72,3,635,629
raccoon-138_jpg.rf.635b4d97c5e81f092860faec5e7290c4.jpg,640,640,raccoon,139,178,559,495
raccoon-117_jpg.rf.6588f93d656bbc7131b6727302c51632.jpg,640,640,raccoon,374,177,540,463
raccoon-117_jpg.rf.6588f93d656bbc7131b6727302c51632.jpg,640,640,raccoon,70,216,298,496
raccoon-191_jpg.rf.67fc653b720fc5b9953802f357dee75b.jpg,640,640,raccoon,101,128,482,476
raccoon-149_jpg.rf.6ad7e1a539f23b1c571f096dd43ef409.jpg,640,640,raccoon,169,85,390,420
raccoon-166_jpg.rf.69b61958348a85c7755b2f4382f569fa.jpg,640,640,raccoon,234,129,429,499
raccoon-166_jpg.rf.629f53c4cffb5938d9321c56be24da01.jpg,640,640,raccoon,211,129,406,499
raccoon-39_jpg.rf.650ec587809914f561bee1a419904e6f.jpg,640,640,raccoon,0,45,502,618
raccoon-179_jpg.rf.5dec9cd89d74b68cc771c58e37913513.jpg,640,640,raccoon,1,251,288,608
raccoon-119_jpg.rf.6d33410cf56d77e8f52b69fda5e5d855.jpg,640,640,raccoon,26,74,579,424
raccoon-119_jpg.rf.6d33410cf56d77e8f52b69fda5e5d855.jpg,640,640,raccoon,338,431,443,483
raccoon-119_jpg.rf.6d33410cf56d77e8f52b69fda5e5d855.jpg,640,640,raccoon,317,471,448,568
raccoon-64_jpg.rf.6558a202e4f9c7db7001159ca3853304.jpg,640,640,raccoon,3,0,611,637
raccoon-169_jpg.rf.62708d216e69be6300157173a796aa92.jpg,640,640,raccoon,69,1,439,640
raccoon-187_jpg.rf.5a567977bc4f357a3e4c7a41b6520409.jpg,640,640,raccoon,285,145,516,439
raccoon-10_jpg.rf.6bcde7bc15b1094b6d7c9bbd0e0cd55c.jpg,640,640,raccoon,6,9,455,637
raccoon-107_jpg.rf.6a6d1f31e3b07450c3319b9cd919572d.jpg,640,640,raccoon,5,33,429,587
raccoon-177_jpg.rf.6e1c8fdcb464bc72ac9b446a1c5383d2.jpg,640,640,raccoon,276,63,621,622
raccoon-177_jpg.rf.6e1c8fdcb464bc72ac9b446a1c5383d2.jpg,640,640,raccoon,30,46,302,511
raccoon-1_jpg.rf.6e13d2dcf863a736bd7a6b4b1c520e69.jpg,640,640,raccoon,80,135,514,626
raccoon-175_jpg.rf.74b1dbea7d894c301c6657cccdfd44a0.jpg,640,640,raccoon,283,149,570,635
miguel-6_jpg.rf.6fdc570b564a128ce67240566c69e8f6.jpg,640,640,miguel,51,121,595,559
miguel-10_jpg.rf.7604487852d9963f0ee3c0a85d5a1d3a.jpg,640,640,miguel,25,77,618,574
raccoon-4_jpg.rf.6e5de192cbaa0adac9ae10889ee1bcbb.jpg,640,640,raccoon,49,38,465,640
raccoon-69_jpg.rf.70517324628ae5728e25f2481a1a2bf3.jpg,640,640,raccoon,37,29,587,625
raccoon-12_jpg.rf.6d1d490142c4b1ae3d0f379b38c5a152.jpg,640,640,raccoon,70,69,312,597
raccoon-12_jpg.rf.6d1d490142c4b1ae3d0f379b38c5a152.jpg,640,640,raccoon,210,109,581,637
miguel-25_jpg.rf.75334e282fb2c10e589883297bfbbf71.jpg,640,640,miguel,0,29,640,534
raccoon-199_jpg.rf.75b2565cc999dc1a80f665ab773e6657.jpg,640,640,raccoon,110,39,612,544
raccoon-86_jpg.rf.732596ef163281a30b7cf4a03197a33b.jpg,640,640,raccoon,138,54,507,640
raccoon-131_jpg.rf.747b4b019726198ef15b7a79fc11d8bc.jpg,640,640,raccoon,148,3,638,607
raccoon-160_jpg.rf.7b5271e71099f6493b1e6e218df7dd35.jpg,640,640,raccoon,17,136,405,640
raccoon-51_jpg.rf.7bb18b7ae7d2722fad064b83671fce8d.jpg,640,640,raccoon,252,63,618,528
raccoon-78_jpg.rf.765a972f0bd8e071c50dccb305c12cd6.jpg,640,640,raccoon,6,43,560,612
raccoon-101_jpg.rf.7a4ce4574bbb85b5816827597b50a2e5.jpg,640,640,raccoon,240,106,554,561
raccoon-92_jpg.rf.7ab8030295ee6e2c8b3b2b47da59537e.jpg,640,640,raccoon,154,97,615,608
raccoon-112_jpg.rf.736fad90cc9707fb4a10feb9eeeaebc9.jpg,640,640,raccoon,105,194,620,628
raccoon-46_jpg.rf.71ec00489ce9457feff8c5389c85b262.jpg,640,640,raccoon,161,4,470,640
raccoon-23_jpg.rf.7c021f2a73c1b0ad53c7b2ce655d814b.jpg,640,640,raccoon,3,3,373,640
raccoon-178_jpg.rf.7ed57fa05b051aa2f93157f80e333cbb.jpg,640,640,raccoon,77,11,503,598
raccoon-73_jpg.rf.80ff5af668faf468dc0445dccd2ac03a.jpg,640,640,raccoon,22,58,514,600
raccoon-148_jpg.rf.80e689e8708b113b68778665c5cfa6eb.jpg,640,640,raccoon,417,101,599,338
raccoon-148_jpg.rf.80e689e8708b113b68778665c5cfa6eb.jpg,640,640,raccoon,92,103,245,347
raccoon-79_jpg.rf.784804d3893b23e9eb29b922b37afb0b.jpg,640,640,raccoon,120,0,568,639
raccoon-141_jpg.rf.7c1cbddbe602556f4973f51df61be0d7.jpg,640,640,raccoon,2,82,396,637
raccoon-193_jpg.rf.84e8167c85c3bcca94b18aa227be3deb.jpg,640,640,raccoon,196,16,617,478
raccoon-91_jpg.rf.82687bc3132a7e50ee0355b1d04cc7e7.jpg,640,640,raccoon,60,13,586,612
raccoon-194_jpg.rf.7d9c2b6405fe108d7a20d4cf476b82f7.jpg,640,640,raccoon,1,23,525,603
raccoon-183_jpg.rf.81fd74418b7af53356e63fc6ece8ebd8.jpg,640,640,raccoon,207,10,525,537
raccoon-193_jpg.rf.7e1c71dc256e2ce465c4237f480d222b.jpg,640,640,raccoon,23,162,444,624
raccoon-94_jpg.rf.818dab871f2024a1a611c3c348015a2a.jpg,640,640,raccoon,144,30,498,626
raccoon-165_jpg.rf.72a2457e391ffa5fc787051b774cc77d.jpg,640,640,raccoon,16,63,553,612
raccoon-182_jpg.rf.81c9e1a1c1e2e04901c9aeeb7f4fa834.jpg,640,640,raccoon,283,156,618,639
raccoon-173_jpg.rf.80ead1dc26d466061398ced23a53eb5c.jpg,640,640,raccoon,235,35,599,638
raccoon-42_jpg.rf.8366e9aedc077608a576c87d628c811f.jpg,640,640,raccoon,134,129,455,479
raccoon-71_jpg.rf.88bdaa07d66a8d892558d87254c422ca.jpg,640,640,raccoon,12,77,511,561
raccoon-19_jpg.rf.854ee7f6d96028df29f2857c9b6470c0.jpg,640,640,raccoon,215,27,450,294
raccoon-44_jpg.rf.864f4f8e826c34853410db3b1ac2fba9.jpg,640,640,raccoon,113,54,544,629
miguel-15_jpg.rf.86d9431b49eb3a122b95806bbf4d5ef1.jpg,640,640,miguel,43,143,588,606
raccoon-90_jpg.rf.83e9c92f8ede5c571fd54ae261f76b4d.jpg,640,640,raccoon,63,135,596,640
raccoon-43_jpg.rf.84c20d1e8263f32e2a7a225bbb1a2643.jpg,640,640,raccoon,321,116,639,562
raccoon-148_jpg.rf.890d73a27cee7136f6b5af89ffb721ff.jpg,640,640,raccoon,41,101,223,338
raccoon-148_jpg.rf.890d73a27cee7136f6b5af89ffb721ff.jpg,640,640,raccoon,395,103,548,347
raccoon-67_jpg.rf.80fa29ff3335244799ac5f4333e9c21e.jpg,640,640,raccoon,113,59,598,581
raccoon-84_jpg.rf.8ad7f773911c70556dd2b24e07418026.jpg,640,640,raccoon,224,23,574,629
raccoon-65_jpg.rf.89506ad11ed9b878b7577ec08bab0bca.jpg,640,640,raccoon,164,48,451,505
raccoon-48_jpg.rf.89c75d6221f5b16a2734e416fc46f920.jpg,640,640,raccoon,106,57,589,548
raccoon-86_jpg.rf.82847904f855bae49087bec353186561.jpg,640,640,raccoon,134,54,503,640
raccoon-154_jpg.rf.8a9973cac1c0738bf67548a62fd0db7b.jpg,640,640,raccoon,131,112,494,555
raccoon-12_jpg.rf.89eb3681b8d1355a71dad00d89a69881.jpg,640,640,raccoon,70,43,312,571
raccoon-12_jpg.rf.89eb3681b8d1355a71dad00d89a69881.jpg,640,640,raccoon,210,3,581,531
raccoon-96_jpg.rf.8ad6c93fca765b7682a7701aea6c912d.jpg,640,640,raccoon,78,129,565,567
raccoon-139_jpg.rf.7d9b56b1657b8d2ef51cafab015604d4.jpg,640,640,raccoon,203,89,591,620
miguel-28_jpg.rf.8e939430f3a02cb81654f291eac0ccba.jpg,640,640,miguel,1,69,608,508
raccoon-184_jpg.rf.8d87ea8edc9ae23bb5a154b548bae794.jpg,640,640,raccoon,73,23,559,563
miguel-27_jpg.rf.87828a2930920e42e74761fbec52edb4.jpg,640,640,miguel,5,90,633,554
raccoon-3_jpg.rf.8a4a39217c520d524c640d873d2cad34.jpg,640,640,raccoon,1,1,640,635
miguel-28_jpg.rf.8c0319609ae4720330dcf5e3c0aaad44.jpg,640,640,miguel,32,132,639,571
miguel-18_jpg.rf.8f80cecb84cda558460fdcb77bca90f4.jpg,640,640,miguel,126,19,632,433
raccoon-151_jpg.rf.8ec32ab1bef087cd980ecd4ac3352248.jpg,640,640,raccoon,120,268,307,638
raccoon-73_jpg.rf.8da0db454dca63a243409e186e2865c7.jpg,640,640,raccoon,22,40,514,582
raccoon-103_jpg.rf.8fd8d2300a78ccc8822eca1490221032.jpg,640,640,raccoon,123,54,613,545
raccoon-25_jpg.rf.909ca4d90bf74bb4b7cdf6f289c01ec1.jpg,640,640,raccoon,31,0,328,558
raccoon-49_jpg.rf.8dd140f0585c1298327ca84bb579c8a7.jpg,640,640,raccoon,162,0,611,582
raccoon-115_jpg.rf.90ad7059d6e4d625bc270387bd78014a.jpg,640,640,raccoon,113,130,563,556
raccoon-24_jpg.rf.8fca2fe3e49416ebd784da15fd4d0a97.jpg,640,640,raccoon,213,109,456,477
raccoon-24_jpg.rf.8fca2fe3e49416ebd784da15fd4d0a97.jpg,640,640,raccoon,158,146,308,378
raccoon-65_jpg.rf.8e0d89d1778b6a79cf431247059553f7.jpg,640,640,raccoon,189,135,476,592
raccoon-132_jpg.rf.9235bc5920be61ec563e8c1b5f2254a9.jpg,640,640,raccoon,15,7,593,432
raccoon-87_jpg.rf.925a8d37e0b181d2a8c1f984625af1f5.jpg,640,640,raccoon,3,20,515,631
raccoon-150_jpg.rf.8c3287a4eb394af0fd09063a1f40924b.jpg,640,640,raccoon,186,49,435,423
miguel-17_jpg.rf.8e2bc1dc02fc3fc6717a352979e33872.jpg,640,640,miguel,50,110,640,596
raccoon-97_jpg.rf.9243a54695a6363f4bfa6686caa6b251.jpg,640,640,raccoon,1,52,439,500